Number,Square Root
70.97097097097098,8.424427041109144
5.205205205205205,2.2814918814681775
90.8908908908909,9.533671427676271
89.1891891891892,9.44400281603035
80.98098098098099,8.998943325801147
18.11811811811812,4.256538278709369
81.38138138138139,9.021162972775816
97.997997997998,9.899393819724418
84.18418418418419,9.175193958940824
97.4974974974975,9.8740821091126
89.5895895895896,9.465177736819822
21.621621621621625,4.649905549752772
56.35635635635636,7.507087075314656
57.35735735735736,7.573464026280006
35.13513513513514,5.927489783638192
45.84584584584585,6.770956051093956
31.031031031031034,5.5705503346645235
35.33533533533534,5.944353231036606
37.93793793793794,6.1593780479800015
19.21921921921922,4.383972994809528
41.64164164164164,6.453033522432813
76.97697697697699,8.773652430828166
65.46546546546547,8.091073196150525
71.17117117117118,8.436300798997815
50.550550550550554,7.1098910364752115
81.68168168168168,9.037791858727534
21.721721721721725,4.660656790809823
35.93593593593594,5.994658950760747
82.58258258258259,9.087495946771178
54.85485485485486,7.4064063387620624
28.02802802802803,5.294150359408772
62.76276276276277,7.922295296362209
78.67867867867868,8.870100263169446
68.46846846846847,8.274567569877503
1.2012012012012012,1.095993248702382
62.16216216216217,7.884298457197201
37.33733733733734,6.110428572312857
37.43743743743744,6.118614012784058
80.08008008008008,8.948747402853657
26.526526526526528,5.1503909100695
9.10910910910911,3.0181300682888255
54.254254254254256,7.365748723263254
99.0990990990991,9.95485304256668
70.07007007007007,8.370786705565378
28.62862862862863,5.350572738373774
0.9009009009009009,0.949157995752499
14.114114114114114,3.756875578737485
79.77977977977979,8.931952741689791
4.404404404404405,2.098667292451189
48.64864864864865,6.974858324629158
66.46646646646647,8.15269688302383
27.027027027027028,5.198752449100364
28.42842842842843,5.331831620412298
18.31831831831832,4.2799904577368295
62.36236236236237,7.896984384077403
63.76376376376377,7.985221585138622
65.86586586586587,8.115778820659536
67.86786786786787,8.238195668219339
18.61861861861862,4.314929735073171
19.41941941941942,4.406747033744893
29.62962962962963,5.443310539518174
20.02002002002002,4.4743737014268286
63.26326326326327,7.953820670801126
44.84484484484485,6.696629364452303
97.1971971971972,9.858863889779451
12.012012012012013,3.465834966066909
70.17017017017018,8.376763705045652
42.14214214214214,6.491697939841482
61.76176176176177,7.858865170096874
18.41841841841842,4.29166848887684
28.12812812812813,5.303595773447306
39.83983983983984,6.311880848038866
74.87487487487488,8.653026919805281
44.14414414414415,6.644105970267494
82.88288288288288,9.10400367326831
67.26726726726727,8.201662469723274
6.0060060060060065,2.4507154069793593
45.14514514514515,6.719013703300891
49.24924924924925,7.01778093482899
61.26126126126127,7.826957343774224
90.4904904904905,9.512648973366488
27.92792792792793,5.284688063445933
68.66866866866867,8.28665606072007
91.6916916916917,9.575577877689247
66.36636636636636,8.146555490903278
78.17817817817819,8.841842465130116
38.93893893893894,6.240107285851657
15.415415415415417,3.9262469885904294
41.84184184184184,6.468527022579549
55.85585585585586,7.473677532236446
58.15815815815816,7.62614962862375
2.4024024024024024,1.5499685165842572
41.14114114114114,6.4141360401180405
64.86486486486487,8.053872662568292
55.65565565565566,7.460271821834353
46.44644644644645,6.815162980182238
8.80880880880881,2.967963747893294
57.85785785785786,7.606435292425609
94.0940940940941,9.700211033482422
58.05805805805806,7.619583850713768
72.97297297297298,8.542421961772492
42.54254254254254,6.5224644531451865
59.95995995995997,7.743381687606518
41.44144144144144,6.4375027333152595
86.8868868868869,9.321313581619647
59.15915915915916,7.691499149005944
35.43543543543544,5.95276704024569
86.2862862862863,9.289041193055734
98.7987987987988,9.939758487951243
52.552552552552555,7.249313936680667
27.127127127127128,5.208370870735601
27.32732732732733,5.22755462212757
4.004004004004004,2.0010007506255474
81.48148148148148,9.0267093384844
22.822822822822825,4.7773238138965235
6.806806806806807,2.608985781258075
5.405405405405406,2.324952774876386
77.37737737737739,8.796441176826988
48.74874874874875,6.982030417346286
20.42042042042042,4.518895929363767
97.0970970970971,9.853785927099143
74.07407407407408,8.606629658238704
1.4014014014014016,1.1838080086742957
2.1021021021021022,1.4498627873361334
39.73973973973974,6.303946362378073
31.531531531531535,5.615294429638711
7.907907907907909,2.812100266332605
33.733733733733736,5.808074873289232
36.83683683683684,6.069335782178873
36.33633633633634,6.027962867863101
57.65765765765766,7.593263966019992
7.507507507507508,2.739983121755955
27.42742742742743,5.2371201463616845
5.505505505505506,2.346381364038145
38.23823823823824,6.183707483236755
77.07707707707708,8.779355162942041
73.97397397397398,8.600812401975407
12.612612612612613,3.5514240260228873
24.524524524524526,4.952224199743437
85.08508508508508,9.224157689734335
44.24424424424425,6.651634704660521
32.932932932932935,5.738722238698519
16.916916916916918,4.1130179815941625
64.16416416416416,8.010253689126467
58.55855855855856,7.652356405615107
22.422422422422425,4.735232034697183
33.333333333333336,5.773502691896258
7.207207207207207,2.6846242208560973
51.251251251251254,7.158997922282926
89.98998998999,9.486305391984278
5.805805805805806,2.4095239790891907
74.47447447447448,8.629859470146341
26.726726726726728,5.169789814559846
29.72972972972973,5.452497568062706
26.626626626626628,5.160099478365376
83.48348348348348,9.13692965297881
73.07307307307308,8.548278953863933
25.125125125125127,5.012496895273365
87.98798798798799,9.380191255405617
36.63663663663664,6.052820552158856
0.1001001001001001,0.31638599858416633
31.731731731731735,5.633092554869992
83.78378378378379,9.153348228041136
24.924924924924927,4.9924868477468145
53.953953953953956,7.345335523579162
21.32132132132132,4.617501631978198
93.8938938938939,9.689886165166952
10.61061061061061,3.257393223209413
55.15515515515516,7.426651678593466
28.52852852852853,5.34121039920059
5.605605605605606,2.3676160173485914
20.82082082082082,4.562983762936355
25.925925925925927,5.091750772173156
6.406406406406407,2.5310879886733306
46.34634634634635,6.807815093430957
69.56956956956958,8.340837462123908
72.07207207207207,8.489527199560177
48.04804804804805,6.931669932133818
84.68468468468468,9.202428195030086
26.826826826826828,5.179462020985078
62.56256256256257,7.909649964604158
69.16916916916918,8.316800416576628
73.27327327327328,8.559980915473659
69.36936936936938,8.328827610736662
27.227227227227228,5.21797156251615
93.5935935935936,9.674378201910116
70.67067067067067,8.406584958868295
87.6876876876877,9.36417042175588
70.57057057057058,8.40062917706588
51.651651651651655,7.186908351415903
71.67167167167167,8.465912335458693
20.62062062062062,4.54099335174812
39.23923923923924,6.264123181997561
24.024024024024026,4.901430813958719
47.64764764764765,6.902727551312426
22.022022022022025,4.69276272807629
13.413413413413414,3.6624327179367286
36.93693693693694,6.077576567756012
26.226226226226228,5.12115477467985
14.914914914914915,3.861983287757071
8.70870870870871,2.9510521358845407
42.64264264264264,6.530133432223467
34.134134134134136,5.842442480173351
52.952952952952955,7.2768779674358255
10.21021021021021,3.1953419551294053
60.36036036036037,7.769193031477617
63.06306306306307,7.941225539113158
82.38238238238239,9.076474116218389
36.43643643643644,6.036260136577651
89.2892892892893,9.449300994745023
9.50950950950951,3.083749261776889
20.92092092092092,4.573939321954427
21.12112112112112,4.595772091947241
34.234234234234236,5.851002840046673
27.52752752752753,5.246668231127972
49.94994994994995,7.067527852789118
20.22022022022022,4.4966899181753925
56.95695695695696,7.546983301754215
94.1941941941942,9.70536934867469
93.993993993994,9.695049973774967
93.2932932932933,9.658845339547232
68.76876876876878,8.292693697995169
22.522522522522525,4.745789978762495
96.8968968968969,9.843622143139024
8.408408408408409,2.8997255746722668
61.06106106106107,7.814157732031077
5.9059059059059065,2.4302069677099327
84.98498498498499,9.218730117808255
0.5005005005005005,0.7074605999633482
59.45945945945946,7.710996009560597
44.34434434434435,6.659154927191914
10.810810810810812,3.287979746107146
96.4964964964965,9.82326302694255
3.9039039039039043,1.9758299278793974
50.250250250250254,7.088741090648624
8.508508508508509,2.916934779611726
24.324324324324326,4.931969619160719
62.96296296296297,7.934920476158722
14.614614614614615,3.822906566294109
23.523523523523526,4.850105516741211
4.704704704704705,2.1690331266960183
62.66266266266267,7.915975155510701
63.16316316316317,7.947525600031947
56.25625625625626,7.500417072153805
9.30930930930931,3.0511160760137117
21.22122122122122,4.606649674244963
99.8998998998999,9.994993741863968
9.90990990990991,3.1480009386767835
92.3923923923924,9.612096149768394
72.57257257257258,8.518953725227798
58.75875875875876,7.6654261955065985
66.56656656656656,8.158833652340668
59.55955955955956,7.717484017447626
67.06706706706707,8.189448520325838
55.35535535535536,7.440117966494574
60.96096096096097,7.8077500575364835
83.98398398398399,9.164277602952891
64.96496496496496,8.060084674801187
79.27927927927928,8.903891243679881
42.44244244244244,6.514786446418826
78.47847847847848,8.858807960356657
30.630630630630634,5.534494613840602
28.92892892892893,5.378561975930828
13.013013013013014,3.6073554043111713
90.990990990991,9.538919802105005
74.17417417417418,8.612442985249551
10.01001001001001,3.1638599858416634
63.86386386386387,7.991486962002996
29.929929929929934,5.4708253426635665
46.24624624624625,6.8004592673029265
30.230230230230234,5.498202454460024
61.56156156156157,7.846117610739822
78.77877877877879,8.875741027022972
1.3013013013013013,1.1407459407340887
75.57557557557558,8.693421396410942
57.25725725725726,7.566852533071941
39.03903903903904,6.2481228412251175
68.96896896896898,8.30475580429485
4.3043043043043046,2.0746817356655707
17.61761761761762,4.197334584902378
58.35835835835836,7.639264255041735
67.96796796796797,8.244268795227867
26.326326326326328,5.13091866300045
56.75675675675676,7.53370803500884
40.64064064064064,6.375001226716795
60.76076076076077,7.794918906618642
10.710710710710712,3.272722217162757
52.852852852852855,7.269996757416942
39.13913913913914,6.256128126816069
85.28528528528528,9.235003263956395
12.212212212212213,3.494597575145415
81.28128128128128,9.01561319496801
6.206206206206207,2.4912258440788153
78.57857857857859,8.86445590990099
37.53753753753754,6.126788517448398
53.853853853853856,7.338518505383348
77.57757757757759,8.807813439076556
26.926926926926928,5.189116199019534
34.73473473473474,5.893618136148179
80.68068068068068,8.982242519587226
45.94594594594595,6.77834389404565
17.41741741741742,4.173417953838007
83.58358358358359,9.142405787514772
43.24324324324325,6.575959492214292
51.051051051051054,7.145001823026433
43.34334334334335,6.583566156980831
76.07607607607608,8.722160057925793
74.37437437437438,8.624057883292203
16.016016016016017,4.002001501251095
61.96196196196197,7.871592085592467
54.054054054054056,7.352146220938078
3.2032032032032034,1.7897494805707315
3.4034034034034035,1.8448315379468672
89.0890890890891,9.438701663316259
10.910910910910912,3.3031668003464363
19.71971971971972,4.440689104150359
57.45745745745746,7.580069752809499
60.06006006006007,7.749842582921286
38.63863863863864,6.215998603493942
40.24024024024024,6.343519546768989
97.6976976976977,9.884214571613553
47.34734734734735,6.880940876606
45.54554554554555,6.748743997629896
9.40940940940941,3.0674760650100286
16.416416416416418,4.051717711837341
63.56356356356357,7.97267606036791
42.94294294294295,6.553086520330931
54.454454454454456,7.379326151787469
8.90890890890891,2.9847795410899125
37.03703703703704,6.085806194501846
77.87787787787788,8.824844354314578
44.04404404404405,6.6365686950444545
8.608608608608609,2.9340430481860027
88.4884884884885,9.406832011282464
61.66166166166167,7.852493977180859
44.44444444444445,6.666666666666667
88.6886886886887,9.417467211978426
91.8918918918919,9.586025865388216
91.4914914914915,9.565118477650525
82.28228228228228,9.070958178840991
72.47247247247248,8.513076557418739
47.04704704704705,6.8590850007159885
20.72072072072072,4.552001836634155
12.812812812812814,3.579498961141463
38.13813813813814,6.175608321302294
13.913913913913914,3.7301359109171766
90.2902902902903,9.502120304978794
76.57657657657658,8.750804338835179
16.316316316316318,4.039346025821051
23.323323323323326,4.829422669773616
49.84984984984985,7.060442610052847
41.24124124124124,6.4219343846882495
22.322322322322325,4.724650497372512
97.8978978978979,9.89433665780066
55.55555555555556,7.453559924999299
12.912912912912914,3.5934541757079517
48.14814814814815,6.938886664887109
38.73873873873874,6.224045206996712
50.350350350350354,7.09579807705591
93.6936936936937,9.67955028364922
57.55755755755756,7.586669727723592
7.7077077077077085,2.776275870245554
89.3893893893894,9.454596204459998
33.133133133133136,5.756138734701687
72.67267267267268,8.524826841213414
23.723723723723726,4.8707005372660435
88.8888888888889,9.428090415820634
59.75975975975976,7.730443697470395
39.33933933933934,6.272108045891695
7.807807807807809,2.794245480949698
80.38038038038039,8.965510603439181
68.86886886886887,8.298726942662283
42.34234234234234,6.5070993800880546
48.84884884884885,6.98919515029083
55.75575575575576,7.466977685500055
25.825825825825827,5.081911631052416
7.6076076076076085,2.7581891899591673
56.45645645645646,7.51375115747497
45.24524524524525,6.726458596114694
0.4004004004004004,0.6327719971683327
54.154154154154156,7.358950615009871
78.97897897897899,8.887011813820154
50.150150150150154,7.081677071863003
53.453453453453456,7.3111868703688225
71.07107107107107,8.43036601050459
16.116116116116117,4.0144882757477465
18.51851851851852,4.303314829119352
43.74374374374375,6.6139053322332755
19.01901901901902,4.361080028962896
68.36836836836838,8.268516696987941
25.525525525525527,5.052279240652235
50.850850850850854,7.130978253427145
48.54854854854855,6.9676788494123745
95.8958958958959,9.792644989781662
13.513513513513514,3.676073110469039
95.1951951951952,9.7568025087728
52.352352352352355,7.235492543866821
29.02902902902903,5.387859410659212
62.46246246246247,7.9033197115175895
53.753753753753756,7.331695148719275
2.5025025025025025,1.5819299929208317
73.47347347347348,8.571666901686829
80.58058058058059,8.976668679447883
61.16116116116117,7.820560156482474
81.18118118118119,9.010059998755901
97.7977977977978,9.88927690975421
11.811811811811813,3.4368316531089813
52.652652652652655,7.256214760648465
51.751751751751755,7.193869039102099
9.70970970970971,3.116040710534718
27.62762762762763,5.2561989714648005
65.56556556556556,8.09725666911736
73.17317317317318,8.554131935688927
32.132132132132135,5.66852115918536
23.823823823823826,4.880965460216229
90.3903903903904,9.50738609662984
44.94494494494495,6.704099115089584
86.18618618618619,9.283651554543944
16.616616616616618,4.076348441511915
50.050050050050054,7.074605999633482
3.1031031031031033,1.7615626878153112
68.06806806806807,8.250337451769356
2.6026026026026026,1.6132583806082033
21.521521521521525,4.639129392625466
77.77777777777779,8.819171036881968
18.71871871871872,4.326513459902641
9.20920920920921,3.0346678910894367
72.87287287287288,8.536560951160185
20.12012012012012,4.485545688109767
26.026026026026027,5.101570937076738
22.122122122122125,4.703416005641232
63.66366366366367,7.978951288462894
94.8948948948949,9.741401074532087
47.54754754754755,6.895472974897919
33.033033033033036,5.7474370838690385
88.0880880880881,9.38552545615258
91.7917917917918,9.580803295746751
86.38638638638639,9.29442770623272
77.97797797797799,8.83051402682641
7.307307307307307,2.703203156869144
1.8018018018018018,1.3423121104280487
64.26426426426427,8.016499501918794
21.921921921921925,4.68208521087794
92.0920920920921,9.596462478022415
95.5955955955956,9.77730001562781
82.08208208208208,9.059916229308199
0.8008008008008008,0.8948747402853657
82.18218218218219,9.065438885248865
9.00900900900901,3.0015011259383213
76.77677677677679,8.762235832068022
53.553553553553556,7.318029349049754
28.82882882882883,5.369248441712195
78.07807807807808,8.836180061433678
72.77277277277278,8.530695913744246
39.43943943943944,6.280082757371868
6.106106106106107,2.4710536429033882
8.308308308308309,2.8824136254722896
69.26926926926927,8.322816186199793
4.604604604604605,2.14583424443842
61.86186186186187,7.865231202060234
55.45545545545546,7.4468419786816655
73.57357357357358,8.577503924427758
70.77077077077078,8.412536524186434
17.217217217217218,4.149363471331141
21.02102102102102,4.584868702702512
92.2922922922923,9.60688775266435
75.07507507507508,8.664587415167272
3.3033033033033035,1.8174991893542356
92.5925925925926,9.622504486493764
83.18318318318319,9.120481521453963
18.91891891891892,4.3495883620084
12.512512512512513,3.537302999816741
75.67567567567568,8.6991767240168
31.331331331331334,5.597439712165852
49.74974974974975,7.053350250040739
5.705705705705706,2.3886619069482617
86.6866866866867,9.310568547982808
8.208208208208209,2.8649970694938256
31.231231231231234,5.588490961899396
89.7897897897898,9.47574745282871
47.14714714714715,6.8663780224472895
59.85985985985987,7.736915396969251
26.426426426426428,5.140664006373732
58.65865865865866,7.658894088486839
46.14614614614615,6.793095476006955
57.95795795795796,7.613012410206485
82.98298298298299,9.109499601129745
16.516516516516518,4.0640517364468325
93.0930930930931,9.648476205758767
18.01801801801802,4.2447635997800885
29.32932932932933,5.415655946358606
71.87187187187187,8.477727989967116
3.7037037037037037,1.9245008972987525
56.65665665665666,7.527061621685893
7.007007007007007,2.647075179704386
83.28328328328328,9.12596752587271
69.86986986986987,8.358819884999908
30.330330330330334,5.507297915523576
7.107107107107107,2.665915810206149
96.2962962962963,9.813067629253164
96.6966966966967,9.833447853967433
11.411411411411413,3.3780780647302118
76.17617617617618,8.727896434776033
62.06206206206207,7.877947833164552
14.314314314314315,3.7834262665359706
74.57457457457458,8.635657159392942
88.58858858858859,9.412151113777796
86.0860860860861,9.278258785250932
69.06906906906907,8.310780292431575
98.8988988988989,9.944792551828263
93.7937937937938,9.684719603261305
75.47547547547548,8.687662256066098
19.81981981981982,4.451945621839941
94.5945945945946,9.725975251592747
35.23523523523524,5.935927495786588
11.011011011011012,3.3182843475222272
59.35935935935936,7.704502538085075
16.816816816816818,4.100831234861637
73.37337337337338,8.565825901416243
0.3003003003003003,0.547996624351191
34.434434434434436,5.868086096372005
70.37037037037038,8.388704928078612
35.03503503503504,5.919040043371479
56.55655655655656,7.520409334375128
33.933933933933936,5.825284021739535
5.105105105105105,2.2594479646818835
66.16616616616616,8.134258796360376
42.24224224224224,6.499403222007559
25.625625625625627,5.062175977346661
96.1961961961962,9.807965956109156
41.34134134134134,6.429723270976858
0.7007007007007008,0.8370786705565378
27.82782782782783,5.27520879471399
15.915915915915917,3.989475644231447
38.43843843843844,6.199874066337029
76.37637637637638,8.739357892681612
36.73673673673674,6.06108379225504
2.2022022022022023,1.483981873946647
88.2882882882883,9.39618477299634
47.94794794794795,6.924445678027083
14.514514514514515,3.809791925356884
81.58158158158159,9.03225229837949
21.821821821821825,4.671383287830471
19.61961961961962,4.4294039801783285
30.030030030030034,5.47996624351191
59.05905905905906,7.684989203574658
69.66966966966967,8.346835907676015
36.23623623623624,6.019654162511019
23.223223223223226,4.819047958178381
17.51751751751752,4.185393352782689
94.2942942942943,9.71052492372551
45.04504504504505,6.711560552140243
93.1931931931932,9.653662164857085
22.222222222222225,4.714045207910317
6.706706706706707,2.589731010492539
95.0950950950951,9.75167140007779
32.032032032032035,5.659684799706786
71.27127127127127,8.442231415406194
12.712712712712714,3.5654891267135724
54.95495495495496,7.413160928710165
46.74674674674675,6.837159260010458
83.08308308308308,9.114992215195967
86.98698698698699,9.32668145628374
65.96596596596596,8.121943484534103
51.151151151151154,7.152003296360479
10.41041041041041,3.2265167612164065
81.98198198198199,9.054390204866476
2.902902902902903,1.7037907450455596
1.9019019019019021,1.3790945949795836
8.108108108108109,2.847473987257497
41.04104104104104,6.4063282027258825
43.54354354354355,6.598753180983779
75.17517517517518,8.670361882596088
58.95895895895896,7.678473738898829
21.421421421421424,4.6283281453913165
25.725725725725727,5.072053403280147
67.46746746746747,8.213858257084029
38.03803803803804,6.167498523553778
17.31731731731732,4.1614080930998965
14.714714714714715,3.835976370458337
46.84684684684685,6.844475644404533
87.8878878878879,9.374854019550806
95.4954954954955,9.77217966962824
56.85685685685686,7.540348589876787
62.26226226226227,7.890643970061142
66.76676676676676,8.17109336421796
47.44744744744745,6.88821075805956
38.53853853853854,6.207941570161444
67.56756756756756,8.219949365267864
57.05705705705706,7.553612186037688
55.25525525525526,7.433387871977034
67.66766766766767,8.226035963188325
69.46946946946947,8.334834699588797
54.354354354354356,7.372540563086401
69.96996996996998,8.364805435272837
24.624624624624627,4.962320487899247
52.152152152152155,7.221644698553935
31.131131131131134,5.579527859158975
95.2952952952953,9.761930920432459
40.74074074074074,6.382847385042254
17.71771771771772,4.209241940981501
3.0030030030030033,1.7329174830334546
11.711711711711713,3.4222378222022667
40.04004004004004,6.327719971683327
91.5915915915916,9.570349606549993
42.04204204204204,6.483983501061831
58.25825825825826,7.6327097585495975
24.424424424424426,4.9421072858067765
67.76776776776777,8.232118060849697
40.84084084084084,6.390683910258811
63.46346346346347,7.966395889200051
80.18018018018019,8.954338623269738
13.213213213213214,3.634998378708471
86.4864864864865,9.299811099505543
71.57157157157158,8.45999831983267
68.56856856856858,8.280614021228654
55.05505505505506,7.419909369733236
33.833833833833836,5.816685811854877
11.511511511511513,3.3928618468059546
66.06606606606607,8.128103472893665
54.75475475475476,7.399645583050228
34.334334334334336,5.859550693895764
36.13613613613614,6.011333973099161
72.27227227227228,8.501310032710975
80.48048048048048,8.971091376219533
2.002002002002002,1.4149211999266964
57.15715715715716,7.56023525805627
22.722722722722725,4.766835713838136
92.4924924924925,9.617301726185598
87.78778778778779,9.369513743401404
31.631631631631635,5.62420053266521
28.22822822822823,5.313024395598822
85.6856856856857,9.256656290782633
85.4854854854855,9.24583611608412
16.216216216216218,4.026936331284146
13.313313313313314,3.6487413327493243
98.4984984984985,9.924640975798495
80.28028028028028,8.959926354623697
81.78178178178179,9.043328025775788
36.03603603603604,6.003002251876643
74.97497497497498,8.658809096808579
43.14314314314315,6.568344018330888
25.325325325325327,5.032427379041383
99.1991991991992,9.959879477142241
45.44544544544545,6.741323716114325
58.85885885885886,7.671952740916674
30.530530530530534,5.525443921580467
41.94194194194194,6.47625987294688
79.17917917917919,8.898268324746068
29.82982982982983,5.461669143204285
29.42942942942943,5.4248898080449
89.6896896896897,9.470464069394366
35.53553553553554,5.961168973912376
35.83583583583584,5.986304021333684
24.824824824824827,4.982451688157631
17.117117117117118,4.137283784938751
87.58758758758759,9.358824049397851
96.3963963963964,9.818166651488271
32.632632632632635,5.712497932833992
71.47147147147147,8.454080167083317
15.015015015015017,3.874921291460643
58.45845845845846,7.645813132588218
53.353353353353356,7.30433798186758
23.923923923923926,4.891208840759504
64.46446446446447,8.028976551495493
89.8898898898899,9.481027892053156
81.08108108108108,9.004503377814963
64.36436436436436,8.022740452262205
95.3953953953954,9.76705663930518
66.96696696696696,8.183334709454757
34.53453453453454,5.876609101729886
16.716716716716718,4.088608163754105
64.06406406406407,8.00400300250219
65.26526526526527,8.078692051642102
70.87087087087087,8.418483881963002
24.724724724724727,4.972396275914131
98.2982982982983,9.914549828322933
19.91991991991992,4.463173749689779
39.53953953953954,6.288047355064968
53.053053053053056,7.2837526765433935
15.215215215215217,3.9006685600311157
43.84384384384385,6.621468405410075
90.0900900900901,9.49157995752499
2.3023023023023024,1.5173339455447183
92.8928928928929,9.638095916356763
56.05605605605606,7.487059239518281
43.44344344344345,6.591164043129518
32.432432432432435,5.694947974514994
54.55455455455456,7.386105506595107
10.31031031031031,3.2109671923441248
78.27827827827828,8.847501244887072
33.233233233233236,5.764827250944579
75.37537537537538,8.681899295394723
29.22922922922923,5.406406313738288
44.64464464464465,6.681664810856995
83.68368368368368,9.147878643908854
96.996996996997,9.848705346236986
97.2972972972973,9.863939238321437
79.97997997997999,8.943152686831416
78.37837837837839,8.853156407653621
40.94094094094094,6.398510837760685
25.225225225225227,5.022472023339227
4.804804804804805,2.191986497404764
48.34834834834835,6.953297659984675
89.4894894894895,9.459888450161001
98.6986986986987,9.934721873243292
29.52952952952953,5.434107979193046
76.47647647647648,8.745082988541418
13.813813813813814,3.716693935988517
3.6036036036036037,1.898315991504998
38.83883883883884,6.232081421069436
40.14014014014014,6.335624684286478
2.702702702702703,1.643989873053573
37.23723723723724,6.102232152027423
23.423423423423426,4.83977514182461
15.815815815815817,3.976910335400563
90.5905905905906,9.517908940024094
45.74574574574575,6.763560138399432
72.17217217217218,8.495420658929856
53.253253253253256,7.297482665498649
51.551551551551555,7.179940915603105
60.86086086086087,7.8013371200622315
94.4944944944945,9.72082787083973
95.7957957957958,9.78753267150592
88.38838838838839,9.401509899393202
32.332332332332335,5.68615268281923
28.72872872872873,5.359918724078634
96.5965965965966,9.828356759733369
70.47047047047047,8.394669169804756
61.46146146146147,7.839736058150266
90.7907907907908,9.528420162376909
15.715715715715717,3.964305199617673
13.713713713713714,3.7032031693810312
32.832832832832835,5.729994138987651
65.76576576576576,8.109609470607433
73.77377377377378,8.589166069751695
71.97197197197198,8.483629646087339
48.44844844844845,6.9604919688516595
91.1911911911912,9.549407897413912
37.63763763763764,6.134952130020057
11.911911911911913,3.451363775656213
15.615615615615617,3.9516598557587947
91.3913913913914,9.55988448629958
65.06506506506507,8.066291903041018
77.27727727727728,8.790749528753352
19.31931931931932,4.395374764376676
87.4874874874875,9.353474621096028
79.57957957957959,8.920738735081281
64.66466466466467,8.041434241767115
34.034034034034036,5.833869559223452
67.36736736736736,8.207762628595406
60.46046046046047,7.7756324797704055
88.78878878878879,9.422780310969198
56.15615615615616,7.493741132181986
6.306306306306307,2.5112360116696135
19.51951951951952,4.418090030716839
17.81781781781782,4.221115707703097
9.80980980980981,3.1320615909987803
91.0910910910911,9.544165290432218
92.7927927927928,9.632901577032374
47.74774774774775,6.9099745113674444
2.802802802802803,1.6741573411130757
11.111111111111112,3.3333333333333335
66.66666666666667,8.16496580927726
94.6946946946947,9.731119909583619
85.98598598598599,9.27286287971444
6.906906906906907,2.6280994857324003
39.63963963963964,6.296001877353567
79.07907907907908,8.892641850377146
84.48448448448448,9.191544183894482
6.506506506506507,2.550785468538369
66.26626626626627,8.140409465516232
11.311311311311313,3.363229298057347
15.315315315315317,3.913478671887112
84.28428428428428,9.180647269353305
73.87387387387388,8.594991208481476
49.14914914914915,7.0106454160190665
73.67367367367368,8.58333697775368
82.78278278278279,9.098504425606595
93.3933933933934,9.664025734309352
96.7967967967968,9.83853631374082
49.54954954954955,7.039144092114435
49.44944944944945,7.032030250891236
45.34534534534535,6.733895257972561
83.38338338338339,9.131450234403262
1.6016016016016017,1.2655439943366653
79.37937937937939,8.90951061391025
91.991991991992,9.591245591266652
50.650650650650654,7.1169270510980125
6.606606606606607,2.570332003186866
30.830830830830834,5.552551740491108
31.831831831831835,5.641970562829253
52.452452452452455,7.242406537363976
98.1981981981982,9.909500401039308
48.24824824824825,6.946095899730168
14.814814814814815,3.849001794597505
99.6996996996997,9.984973695493629
98.0980980980981,9.904448399486874
33.433433433433436,5.782165116410412
63.96396396396397,7.997747430618447
49.64964964964965,7.046250751261245
62.86286286286287,7.928610399235346
85.58558558558559,9.251247785330667
44.54454454454455,6.674169951727672
37.13713713713714,6.09402470762444
30.430430430430434,5.516378379918335
5.305305305305305,2.3033248371224815
11.211211211211213,3.3483146822261514
65.66566566566567,8.103435423674682
34.63463463463464,5.8851197638310335
74.77477477477478,8.64724087641687
32.232232232232235,5.677343765550245
79.87987987987988,8.937554468638492
71.37137137137138,8.448157868516153
20.52052052052052,4.529958114654099
50.450450450450454,7.102848052045775
45.64564564564565,6.7561561294604235
70.27027027027027,8.382736442849094
94.7947947947948,9.736261849128484
49.04904904904905,7.003502627189416
51.951951951951955,7.207770248277337
25.425425425425427,5.042363079492137
68.26826826826827,8.262461392845855
57.75775775775776,7.599852482631341
91.2912912912913,9.554647627793047
17.017017017017018,4.125168725884678
30.130130130130134,5.489091922178944
4.904904904904905,2.2147019900891642
10.51051051051051,3.2419917505309157
3.8038038038038042,1.9503342800155579
41.74174174174174,6.460784916845765
43.04304304304305,6.560719704654593
5.005005005005005,2.2371868507134143
23.123123123123126,4.808650863092799
98.3983983983984,9.919596685268933
40.34034034034034,6.3514045958622685
76.87687687687688,8.767945989619056
7.407407407407407,2.721655269759087
77.67767767767768,8.813494067489787
47.84784784784785,6.917213879001274
76.67667667667668,8.756521950904746
35.63563563563564,5.969559082179825
85.38538538538539,9.240421277484344
87.2872872872873,9.342766575660942
60.26026026026027,7.762748241458064
49.34934934934935,7.024909205772652
42.74274274274275,6.5377934154225725
85.18518518518519,9.229582069908972
15.515515515515517,3.938973916582276
100.0,10.0
84.08408408408408,9.169737405405025
71.77177177177178,8.47182222262553
82.68268268268268,9.093001852121372
76.27627627627628,8.733629043889847
88.18818818818819,9.390856626963709
52.752752752752755,7.263109028009476
92.992992992993,9.643287457760087
72.37237237237238,8.507195329388669
60.66066066066067,7.788495404162518
99.3993993993994,9.969924743918552
18.21821821821822,4.2682804755800925
20.32032032032032,4.507806597484005
64.56456456456456,8.035207810913453
46.94694694694695,6.851784216315262
24.124124124124126,4.911631513471275
65.36536536536536,8.084884993947988
17.91791791791792,4.232956167729347
92.1921921921922,9.60167653028325
99.7997997997998,9.989984974953655
68.16816816816817,8.256401647701507
61.36136136136137,7.833349306737277
79.67967967967968,8.926347499379558
46.64664664664665,6.829835038025929
99.5995995995996,9.979959899698976
53.653653653653656,7.324865435873457
37.73773773773774,6.143104893922758
84.58458458458459,9.196987799523527
52.252252252252255,7.228571937267572
40.54054054054054,6.367145399670133
63.36336336336337,7.960110763259728
19.11911911911912,4.372541494270709
12.412412412412413,3.5231253756306224
32.532532532532535,5.703729703670445
66.86686686686687,8.17721632750821
83.88388388388388,9.158814545774135
33.533533533533536,5.790814582900539
18.81881881881882,4.338066253392037
97.5975975975976,9.879149639396987
0.0,0.0
0.6006006006006006,0.7749842582921286
55.95595595595596,7.480371378210841
34.93493493493494,5.9105782234003925
77.17717717717719,8.785054193183852
54.65465465465466,7.39287864465897
92.6926926926927,9.627704435258318
97.3973973973974,9.86901197675823
94.994994994995,9.746537590087826
39.93993993993994,6.319805371998409
30.930930930930934,5.561558318576812
24.224224224224226,4.921811071569512
75.97597597597598,8.716419905900358
84.88488488488488,9.213299348489926
22.922922922922925,4.787788938844623
87.18718718718719,9.33740794799002
36.53653653653654,6.044546015751434
41.54154154154154,6.445272805827659
50.750750750750754,7.123956116565482
0.2002002002002002,0.44743737014268287
42.84284284284285,6.545444434325514
12.112112112112113,3.4802459844258298
8.008008008008009,2.829842399853393
32.732732732732735,5.721252724074749
99.2992992992993,9.964903376315261
15.115115115115117,3.8878162398852028
79.47947947947948,8.915126442147608
82.48248248248248,9.08198670349624
26.126126126126128,5.111372235136678
43.64364364364365,6.606333600692873
75.27527527527528,8.676132506784073
85.78578578578579,9.26206163798243
1.7017017017017018,1.3044928906290374
95.6956956956957,9.782417681519007
95.995995995996,9.79775464052841
88.988988988989,9.433397531588977
33.633633633633636,5.7994511493445335
4.2042042042042045,2.0504156174308186
99.4994994994995,9.974943583775273
53.153153153153156,7.290620903129798
93.4934934934935,9.669203353611584
67.16716716716716,8.195557770351398
3.5035035035035036,1.8717648098795703
96.0960960960961,9.802861627917437
52.052052052052055,7.214710808622343
13.113113113113114,3.621203268681988
77.47747747747748,8.802129144558007
59.65965965965966,7.723966575514142
50.950950950950954,7.137993482131442
38.33833833833834,6.191796051093603
69.76976976976978,8.352830045545629
51.351351351351354,7.165985720844785
74.67467467467468,8.641450958876911
94.3943943943944,9.715677762997
78.87887887887888,8.881378208300719
25.025025025025027,5.002501876563868
14.414414414414415,3.796631983009996
31.931931931931935,5.6508346225962
35.73573573573574,5.977937414839314
14.014014014014014,3.7435296197591406
75.87587587587588,8.710675971236439
29.12912912912913,5.397140829099157
31.431431431431434,5.606374178685493
60.16016016016017,7.756298096396255
81.88188188188188,9.048860805752394
87.38738738738739,9.348122131604153
27.72772772772773,5.265712461550453
84.38438438438439,9.186097342418291
9.60960960960961,3.0999370331685143
98.5985985985986,9.929682703822847
59.25925925925926,7.69800358919501
23.023023023023026,4.798231239011208
48.94894894894895,6.996352546073486
80.88088088088088,8.993379836350785
85.8858858858859,9.267463832456315
22.622622622622625,4.756324486683244
1.001001001001001,1.0005003753127737
87.0870870870871,9.332046243299864
44.74474474474475,6.689151272377143
11.611611611611613,3.407581490091119
28.32832832832833,5.322436315103106
34.83483483483484,5.9021042717690815
40.44044044044044,6.359279868070003
14.214214214214214,3.7701742949383936
65.16516516516516,8.072494358323526
51.851851851851855,7.200822998230956
46.54654654654655,6.822502953209075
43.94394394394395,6.6290228498583375
13.613613613613614,3.6896630758937343
1.5015015015015016,1.2253577034896797
46.04604604604605,6.785723693611909
86.58658658658659,9.305191378289143
64.76476476476476,8.047655855263988
30.730730730730734,5.543530529430747
47.24724724724725,6.873663306217963
84.78478478478479,9.207865376121916
23.623623623623626,4.860413935419865
90.6906906906907,9.523166001424668
74.27427427427428,8.618252390959219
37.83783783783784,6.151246852292455
60.56056056056057,7.78206659959683
1.1011011011011012,1.0493336462255944
80.78078078078079,8.987812903080526
4.104104104104104,2.0258588559186705
75.77577577577578,8.704928246446135
12.312312312312313,3.508890467414495
90.1901901901902,9.496851593564585
4.504504504504505,2.1223817998900443
86.78678678678679,9.315942613970247
51.451451451451454,7.172966711999398
98.998998998999,9.94982406874609
10.11011011011011,3.1796399340350017
